region,block,id,start_date,xcoord,ycoord,new_id
otways,FA1_1,1,1/1/08,144.203649,-38.388769,1
otways,FA1_1,2,1/1/08,144.172278,-38.38565371,2
otways,FA1_1,3,1/1/08,144.1915149,-38.38384322,3
otways,FA1_1,4,1/1/08,144.1591342,-38.38367734,4
otways,FA1_1,5,1/1/08,144.1461283,-38.3839231,5
otways,FA1_1,6,1/1/08,144.1324473,-38.38242517,6
otways,FA1_1,7,1/1/08,144.1720379,-38.38054469,7
otways,FA1_1,8,1/1/08,144.1821182,-38.37941238,8
otways,FA1_1,9,1/1/08,144.1197834,-38.37917643,9
otways,FA1_1,10,1/1/08,144.1065697,-38.37750868,10
otways,FA1_1,11,1/1/08,144.0926679,-38.37598066,11
otways,FA1_1,12,1/1/08,144.1981264,-38.37250921,12
otways,FA1_1,13,1/1/08,144.1729074,-38.37296703,13
otways,FA1_1,14,1/1/08,144.1644137,-38.37315579,14
otways,FA1_1,15,1/1/08,144.1917518,-38.37194553,15
otways,FA1_1,16,1/1/08,144.1862628,-38.37131127,16
otways,FA1_1,17,1/1/08,144.1792521,-38.3703388,17
otways,FA1_1,18,1/1/08,144.0870603,-38.37157505,18
otways,FA1_1,19,1/1/08,144.1401632,-38.36656066,19
otways,FA1_1,20,1/1/08,144.195689,-38.36471488,20
otways,FA1_1,21,1/1/08,144.1251813,-38.36655278,21
otways,FA1_1,22,1/1/08,144.1871239,-38.36473416,22
otways,FA1_1,23,1/1/08,144.1739943,-38.36317412,23
otways,FA1_1,24,1/1/08,144.1135603,-38.36447918,24
otways,FA1_1,25,1/1/08,144.101181,-38.36447608,25
otways,FA1_1,26,1/1/08,144.1515951,-38.36255126,26
otways,FA1_1,27,1/1/08,144.1837682,-38.35885987,27
otways,FA1_1,28,1/1/08,144.11269,-38.35907126,28
otways,FA1_1,29,1/1/08,144.1764564,-38.35669893,29
otways,FA1_1,30,1/1/08,144.195762,-38.35587541,30
otways,FA1_1,31,1/1/08,144.1438026,-38.35442886,31
otways,FA1_1,32,1/1/08,144.1626785,-38.35362386,32
otways,FA1_1,33,1/1/08,144.1201592,-38.35354415,33
otways,FA1_1,34,1/1/08,144.1863197,-38.35107224,34
otways,FA1_1,35,1/1/08,144.1287214,-38.34898716,35
otways,FA1_1,36,1/1/08,144.1936855,-38.34542946,36
otways,FA1_1,37,1/1/08,144.2010683,-38.34475497,37
otways,FA1_1,38,1/1/08,144.1399372,-38.34629313,38
otways,FA1_1,39,1/1/08,144.1796619,-38.34503199,39
otways,FA1_1,40,1/1/08,144.1540414,-38.34545159,40
otways,FA1_1,41,1/1/08,144.1671957,-38.34495689,41
otways,FA1_1,42,1/1/08,144.1371182,-38.34148125,42
otways,FA1_1,43,1/1/08,144.1882079,-38.34009019,43
otways,FA1_1,44,1/1/08,144.1777879,-38.33883936,44
otways,FA1_1,45,1/1/08,144.1666606,-38.33770738,45
otways,FA1_1,46,1/1/08,144.1575378,-38.33770554,46
otways,FA1_1,47,1/1/08,144.148146,-38.33666442,47
otways,FA1_1,48,1/1/08,144.123534,-38.33619847,48
otways,FA1_1,49,1/1/08,144.1170964,-38.33140679,49
otways,FA1_1,50,1/1/08,144.1631982,-38.32886749,50
otways,FA1_1,51,1/1/08,144.1296524,-38.32962639,51
otways,FA1_1,52,1/1/08,144.1525063,-38.32752781,52
otways,FA1_1,53,1/1/08,144.1379093,-38.32346242,53
otways,FA1_1,54,1/1/08,144.14647,-38.320961,54
otways,FA1_2,IN1,1/9/17,144.137038,-38.409983,55
otways,FA1_2,RR1,1/9/17,144.127737,-38.406221,56
otways,FA1_2,DEN1,1/9/17,144.120609,-38.399313,57
otways,FA1_2,DEN2,1/9/17,144.109357,-38.396119,58
otways,FA1_2,DEN3,1/9/17,144.0978,-38.397382,59
otways,FA1_2,DEN4,1/9/17,144.087058,-38.394127,60
otways,FA1_2,DEN5,1/9/17,144.07721,-38.398429,61
otways,FA1_2,NO,1/9/17,144.064294,-38.405406,62
otways,FA1_2,NO,1/9/17,144.075798,-38.407536,63
otways,FA1_2,NO,1/9/17,144.08756,-38.406899,64
otways,FA1_2,NO,1/9/17,144.108828,-38.412956,65
otways,FA1_2,NO,1/9/17,144.109024,-38.412971,66
otways,FA1_2,NO,1/9/17,144.122048,-38.412452,67
otways,FA1_2,IN2,1/9/17,144.147536,-38.414846,68
otways,FA1_2,DI1,1/9/17,144.130304,-38.41842,69
otways,FA1_2,BAT1,1/9/17,144.119519,-38.421203,70
otways,FA1_2,DI2,1/9/17,144.111815,-38.430338,71
otways,FA1_2,LV3,1/9/17,144.085413,-38.429887,72
otways,FA1_2,LV4,1/9/17,144.096878,-38.431043,73
otways,FA1_2,GI1,1/9/17,144.125488,-38.431262,74
otways,FA1_2,GI2,1/9/17,144.136057,-38.426989,75
otways,FA1_2,CM1,1/9/17,144.155848,-38.404517,76
otways,FA1_2,CM2,1/9/17,144.145155,-38.401944,77
otways,FA1_2,BH5,1/9/17,144.148445,-38.392928,78
otways,FA1_2,GF8,1/9/17,144.076399,-38.367163,79
otways,FA1_2,GF9,1/9/17,144.066404,-38.361823,80
otways,FA1_2,GF10,1/9/17,144.056137,-38.357022,81
otways,FA1_2,BC1,1/9/17,144.041476,-38.360347,82
otways,FA1_2,BC2,1/9/17,144.050959,-38.366377,83
otways,FA1_2,BC3,1/9/17,144.059083,-38.372273,84
otways,FA1_2,BC5,1/9/17,144.063614,-38.387474,85
otways,FA1_2,BC4,1/9/17,144.06052,-38.378211,86
otways,FA1_2,BC6,1/9/17,144.058162,-38.393632,87
otways,FA1_2,BC7,1/9/17,144.049997,-38.400345,88
otways,FA1_2,HM4,1/9/17,144.035137,-38.366814,89
otways,FA1_2,HM3,1/9/17,144.031915,-38.374583,90
otways,FA1_2,HM2,1/9/17,144.025984,-38.382032,91
otways,FA1_2,HM1,1/9/17,144.026503,-38.391434,92
otways,FA1_2,BA3,1/9/17,144.029547,-38.402905,93
otways,FA1_2,BA4,1/9/17,144.041576,-38.405937,94
otways,FA1_2,BA5,1/9/17,144.053129,-38.406806,95
otways,FA1_2,BA6,1/9/17,144.056908,-38.416392,96
otways,FA1_2,LV1,1/9/17,144.065184,-38.422569,97
otways,FA1_2,LV2,1/9/17,144.074813,-38.426455,98
otways,FA1_2,BA2,1/9/17,144.020009,-38.399606,99
otways,FA1_2,BA1,1/9/17,144.010819,-38.399101,100
otways,FA1_2,BA8,1/9/17,144.076711,-38.434987,101
otways,FA1_2,BA7,1/9/17,144.060382,-38.429403,102
otways,FA3,TT1,1/11/17,143.629854,-38.635907,103
otways,FA3,TT2,1/11/17,143.640963,-38.638007,104
otways,FA3,TT3,1/11/17,143.647398,-38.642996,105
otways,FA3,SV1,1/11/17,143.649691,-38.651418,106
otways,FA3,SV2,1/11/17,143.6425,-38.658616,107
otways,FA3,SV3,1/11/17,143.639053,-38.664867,108
otways,FA3,TT4,1/11/17,143.655606,-38.640296,109
otways,FA3,TT5,1/11/17,143.663685,-38.64038,110
otways,FA3,TT6,1/11/17,143.668067,-38.646117,111
otways,FA3,TT7,1/11/17,143.67753,-38.643872,112
otways,FA3,TT8,1/11/17,143.682439,-38.64132,113
otways,FA3,TT9,1/11/17,143.694061,-38.640733,114
otways,FA3,TT10,1/11/17,143.706414,-38.641068,115
otways,FA3,SUN1,1/11/17,143.758899,-38.640466,116
otways,FA3,HM1,1/11/17,143.767716,-38.645782,117
otways,FA3,SUN2,1/11/17,143.758566,-38.648826,118
otways,FA3,SUN3,1/11/17,143.761034,-38.655183,119
otways,FA3,SUN4,1/11/17,143.762325,-38.663282,120
otways,FA3,BIR1,1/11/17,143.881826,-38.647058,121
otways,FA3,WYE2,1/11/17,143.860771,-38.606193,122
otways,FA3,WYE1,1/11/17,143.85028,-38.605479,123
otways,FA3,WYE3,1/11/17,143.865754,-38.614711,124
otways,FA3,WYE4,1/11/17,143.876058,-38.621051,125
otways,FA3,FM1,1/11/17,143.951474,-38.49776,126
otways,FA3,FM2,1/11/17,143.942969,-38.501033,127
otways,FA3,FM3,1/11/17,143.940734,-38.509287,128
otways,FA3,FM4,1/11/17,143.947526,-38.516917,129
otways,FA3,FM5,1/11/17,143.959387,-38.522379,130
otways,FA3,COU1,1/11/17,143.674912,-38.631432,131
otways,FA3,COU2,1/11/17,143.676417,-38.619961,132
otways,FA3,CU1,1/11/17,143.940895,-38.575609,133
otways,FA3,CU2,1/11/17,143.929691,-38.579841,134
otways,FA3,CU3,1/11/17,143.919057,-38.57805,135
otways,FA3,CU4,1/11/17,143.907915,-38.57821,136
otways,FA3,CU5,1/11/17,143.897212,-38.579845,137
otways,FA3,CU6,1/11/17,143.88585,-38.580011,138
otways,FA3,CU7,1/11/17,143.875416,-38.583205,139
otways,FA3,CU8,1/11/17,143.865676,-38.587527,140
otways,FA3,CU9,1/11/17,143.857382,-38.588355,141
otways,FA3,CU10,1/11/17,143.852147,-38.594052,142
otways,FA3,WR1,1/11/17,143.814672,-38.598528,143
otways,FA3,WR2,1/11/17,143.825556,-38.601289,144
otways,FA3,WR3,1/11/17,143.836625,-38.604234,145
otways,FA3,WR4,1/11/17,143.845621,-38.598656,146
otways,FA3,WR5,1/11/17,143.863214,-38.59726,147
otways,FA3,WR6,1/11/17,143.87428,-38.594017,148
otways,FA3,WR7,1/11/17,143.879323,-38.600756,149
otways,FA3,WR8,1/11/17,143.887754,-38.606188,150
otways,FA3,WR9,1/11/17,143.88922,-38.61521,151
otways,FA3,WR10,1/11/17,143.899284,-38.619563,152
otways,FA3,WR11,1/11/17,143.906941,-38.621275,153
otways,FA3,JT1,1/11/17,143.919333,-38.600036,154
otways,FA3,JT2,1/11/17,143.908155,-38.598048,155
otways,FA3,JT3,1/11/17,143.897605,-38.595575,156
otways,FA3,GT1,1/11/17,143.901507,-38.604329,157
otways,FA3,GT2,1/11/17,143.910972,-38.609553,158
otways,FA3,JT4,1/11/17,143.885706,-38.594338,159
otways,FA3,CR5,1/11/17,143.536423,-38.733528,160
otways,FA3,CR6,1/11/17,143.525239,-38.732263,161
otways,FA3,CR7,1/11/17,143.514422,-38.735471,162
otways,FA3,CL1,1/11/17,143.53999,-38.699652,163
otways,FA3,CL2,1/11/17,143.537774,-38.708108,164
otways,FA3,RED2,1/11/17,143.509126,-38.714944,165
otways,FA3,RED3,1/11/17,143.508563,-38.724038,166
otways,FA3,PR1,1/11/17,143.907626,-38.47987,167
otways,FA3,PR2,1/11/17,143.907806,-38.470765,168
otways,FA3,PR3,1/11/17,143.901476,-38.463345,169
otways,FA3,PR4,1/11/17,143.895778,-38.455587,170
otways,FA3,PR5,1/11/17,143.906732,-38.452107,171
otways,FA3,DT1,1/11/17,143.883416,-38.461366,172
otways,FA3,DT2,1/11/17,143.882396,-38.470632,173
otways,FA3,DT3,1/11/17,143.884077,-38.479576,174
otways,FA3,NT1,1/11/17,143.880172,-38.485126,175
otways,FA3,NT2,1/11/17,143.873145,-38.477279,176
otways,FA3,NT3,1/11/17,143.866612,-38.469915,177
otways,FA3,NT4,1/11/17,143.859542,-38.461765,178
otways,FA3,DEL1,1/11/17,143.771769,-38.495754,179
otways,FA3,DEL2,1/11/17,143.783109,-38.497155,180
otways,FA3,DEL3,1/11/17,143.793297,-38.501846,181
otways,FA3,DEL4,1/11/17,143.804609,-38.504293,182
otways,FA3,COW1,1/11/17,143.802986,-38.520543,183
otways,FA3,COW2,1/11/17,143.793546,-38.515436,184
otways,FA3,COW3,1/11/17,143.783929,-38.510606,185
otways,FA3,COW4,1/11/17,143.773116,-38.506892,186
otways,FA3,GA11,1/11/17,144.062016,-38.449712,187
otways,FA3,GA10,1/11/17,144.052676,-38.443838,188
otways,FA3,GA9,1/11/17,144.042764,-38.441013,189
otways,FA3,GA8,1/11/17,144.031154,-38.440286,190
otways,FA3,GA7,1/11/17,144.01979,-38.440224,191
otways,FA3,GA6,1/11/17,144.010331,-38.442832,192
otways,FA3,GA5,1/11/17,143.999543,-38.442046,193
otways,FA3,GA4,1/11/17,143.989764,-38.442132,194
otways,FA3,GA3,1/11/17,143.979898,-38.440418,195
otways,FA3,GA2,1/11/17,143.969566,-38.441025,196
otways,FA3,GA1,1/11/17,143.959783,-38.44259,197
otways,FA3,SEA3,1/11/17,143.953939,-38.435346,198
otways,FA3,SEA2,1/11/17,143.959075,-38.429291,199
otways,FA3,SEA1,1/11/17,143.948801,-38.425524,200
otways,FA3,RT3,1/11/17,143.988357,-38.412105,201
otways,FA3,RT2,1/11/17,143.998538,-38.40736,202
otways,FA3,RT1,1/11/17,144.000998,-38.39952,203
otways,FA3,IS1,1/11/17,144.03526,-38.412533,204
otways,FA3,IS2,1/11/17,144.034512,-38.419932,205
otways,FA3,IS3,1/11/17,144.024995,-38.423267,206
otways,FA3,IS4,1/11/17,144.017314,-38.428332,207
otways,FA3,IS5,1/11/17,144.016596,-38.433665,208
otways,FA3,CS1,1/11/17,143.983591,-38.448913,209
otways,FA3,CS2,1/11/17,143.991897,-38.455104,210
otways,FA3,CS3,1/11/17,143.999952,-38.461544,211
otways,FA3,CS4,1/11/17,144.005896,-38.469789,212
otways,FA3,MC1,1/11/17,143.991025,-38.449503,213
otways,FA3,MC2,1/11/17,144.001618,-38.450989,214
otways,FA3,MC3,1/11/17,144.012589,-38.451247,215
otways,FA3,CC3,1/11/17,144.040486,-38.466865,216
otways,FA3,CC2,1/11/17,144.03145,-38.465355,217
otways,FA3,CC1,1/11/17,144.022626,-38.459609,218
otways,FA3,MC4,1/11/17,144.024407,-38.452625,219
otways,FA3,MC5,1/11/17,144.035408,-38.451826,220
otways,FA3,MC6,1/11/17,144.044293,-38.455981,221
otways,FA3,BT2,1/11/17,143.480963,-38.657709,222
otways,FA3,BT1,1/11/17,143.471467,-38.653984,223
otways,FA3,SEA4,1/11/17,143.95027,-38.446053,224
otways,FA3,SEA5,1/11/17,143.939786,-38.446702,225
otways,FA3,SEA6,1/11/17,143.933874,-38.454502,226
otways,FA3,DM1,1/11/17,143.936853,-38.465928,227
otways,FA3,BH1,1/11/17,143.940504,-38.477422,228
otways,FA3,BH2,1/11/17,143.950933,-38.478097,229
otways,FA3,BH3,1/11/17,143.95917,-38.483649,230
otways,FA3,STO1,1/11/17,143.970192,-38.484187,231
otways,FA3,STO2,1/11/17,143.976322,-38.491497,232
otways,FA3,STO3,1/11/17,143.978749,-38.499192,233
otways,FA3,BH4,1/11/17,143.97581,-38.476404,234
otways,FA3,RE1,1/11/17,143.986355,-38.486473,235
otways,FA3,RE2,1/11/17,143.993281,-38.490961,236
otways,FA3,RE3,1/11/17,143.999815,-38.498238,237
otways,FA3,BH5,1/11/17,143.98542,-38.479684,238
otways,FA3,BH6,1/11/17,143.997221,-38.48012,239
otways,FA3,BH7,1/11/17,144.008241,-38.482824,240
otways,FA3,PD1,1/11/17,144.086899,-38.441542,241
otways,FA3,PD2,1/11/17,144.079562,-38.442856,242
otways,FA3,GAR1,1/11/17,143.946064,-38.552809,243
otways,FA3,GAR2,1/11/17,143.93689,-38.558049,244
otways,FA3,GAR3,1/11/17,143.926868,-38.56242,245
otways,FA3,GAR4,1/11/17,143.915501,-38.565831,246
otways,FA3,GAR5,1/11/17,143.904245,-38.568547,247
otways,FA3,GAR6,1/11/17,143.893177,-38.566525,248
otways,FA3,GAR7,1/11/17,143.883324,-38.561729,249
otways,FA3,GAR8,1/11/17,143.876547,-38.554532,250
otways,FA3,GAR9,1/11/17,143.864287,-38.5498,251
otways,FA3,SH1,1/11/17,143.88068,-38.545942,252
otways,FA3,SH2,1/11/17,143.892968,-38.545781,253
otways,FA3,SH3,1/11/17,143.904623,-38.544953,254
otways,FA3,SH4,1/11/17,143.91579,-38.544878,255
otways,FA3,SH5,1/11/17,143.9257,-38.549529,256
otways,FA3,GB1,1/11/17,143.949455,-38.532152,257
otways,FA3,BH8,1/11/17,144.016084,-38.488057,258
otways,FA3,KWJ4,1/11/17,143.872642,-38.639421,259
otways,FA3,ND1,1/11/17,143.745455,-38.570562,260
otways,FA3,ND2,1/11/17,143.735469,-38.574536,261
otways,FA3,NOS2,1/11/17,143.749915,-38.580925,262
otways,FA3,NOS3,1/11/17,143.737891,-38.580739,263
otways,FA3,NOS4,1/11/17,143.725125,-38.579182,264
otways,FA3,WB1,1/11/17,143.728173,-38.58772,265
otways,FA3,WB2,1/11/17,143.739583,-38.590786,266
otways,FA3,WB3,1/11/17,143.748149,-38.596657,267
otways,FA3,NOS1,1/11/17,143.763032,-38.580656,268
otways,FA3,WB4,1/11/17,143.752407,-38.605021,269
otways,FA3,HAY1,1/11/17,143.763331,-38.505564,270
otways,FA3,HAY2,1/11/17,143.761898,-38.514533,271
otways,FA3,HAY3,1/11/17,143.7683,-38.522272,272
otways,FA3,HAY4,1/11/17,143.780114,-38.52825,273
otways,FA3,HAY5,1/11/17,143.784894,-38.537264,274
otways,FA3,NS1,1/11/17,143.791063,-38.54465,275
otways,FA3,NS2,1/11/17,143.77551,-38.538346,276
otways,FA3,NS3,1/11/17,143.764278,-38.536234,277
otways,FA3,NS4,1/11/17,143.755371,-38.528866,278
otways,FA3,NS5,1/11/17,143.743541,-38.526882,279
otways,FA3,TH1,1/11/17,143.742764,-38.51823,280
otways,FA3,TH2,1/11/17,143.744055,-38.535851,281
otways,FA3,TH3,1/11/17,143.746566,-38.544877,282
otways,FA3,TH4,1/11/17,143.758223,-38.547416,283
otways,FA3,TH5,1/11/17,143.770499,-38.547784,284
otways,FA3,TH6,1/11/17,143.780828,-38.556059,285
otways,FA3,TH7,1/11/17,143.79236,-38.558291,286
otways,FA3,TH8,1/11/17,143.802314,-38.560699,287
otways,FA3,KG1,1/11/17,143.794117,-38.583121,288
otways,FA3,KG2,1/11/17,143.782592,-38.582143,289
otways,FA3,KG3,1/11/17,143.772617,-38.577484,290
otways,FA3,KG4,1/11/17,143.766691,-38.569419,291
otways,FA3,KG5,1/11/17,143.755442,-38.566131,292
otways,FA3,KG6,1/11/17,143.745248,-38.560461,293
otways,FA3,KG7,1/11/17,143.738667,-38.552692,294
otways,FA3,HW1,1/11/17,143.464131,-38.754089,295
otways,FA3,HW2,1/11/17,143.467398,-38.746568,296
otways,FA3,HW3,1/11/17,143.465092,-38.73888,297
otways,FA3,HW4,1/11/17,143.471773,-38.734721,298
otways,FA3,HW5,1/11/17,143.473996,-38.728553,299
otways,FA3,HW6,1/11/17,143.464672,-38.725213,300
otways,FA3,HW7,1/11/17,143.458856,-38.719525,301
otways,FA3,WAIT1,1/11/17,143.457142,-38.711436,302
otways,FA3,WAIT2,1/11/17,143.462552,-38.704474,303
otways,FA3,WAIT3,1/11/17,143.467205,-38.696806,304
otways,FA3,WAIT4,1/11/17,143.470285,-38.689969,305
otways,FA3,WAIT5,1/11/17,143.470873,-38.6848,306
otways,FA3,WAIT6,1/11/17,143.463536,-38.677438,307
otways,FA3,WAIT7,1/11/17,143.462511,-38.670588,308
otways,FA3,BINNS2,1/11/17,143.579305,-38.732285,309
otways,FA3,BINNS3,1/11/17,143.581945,-38.7243,310
otways,FA3,BINNS4,1/11/17,143.578131,-38.718801,311
otways,FA3,BINNS5,1/11/17,143.577272,-38.711825,312
otways,FA3,BINNS6,1/11/17,143.584236,-38.700732,313
otways,FA3,BINNS7,1/11/17,143.592089,-38.693739,314
otways,FA3,HR1,1/11/17,143.558703,-38.682328,315
otways,FA3,HR2,1/11/17,143.547755,-38.682809,316
otways,FA3,HR3,1/11/17,143.540611,-38.689914,317
otways,FA3,HR4,1/11/17,143.532477,-38.692819,318
otways,FA3,HR5,1/11/17,143.522507,-38.694626,319
otways,FA3,HR6,1/11/17,143.513209,-38.699535,320
otways,FA3,RED1,1/11/17,143.505968,-38.706041,321
otways,FA3,HR7,1/11/17,143.495288,-38.70433,322
otways,FA3,HR8,1/11/17,143.484691,-38.706222,323
otways,FA3,AC1,1/11/17,143.476772,-38.699687,324
otways,FA3,YC1,1/11/17,143.47782,-38.692392,325
otways,FA3,YC2,1/11/17,143.483318,-38.688291,326
otways,FA3,YC3,1/11/17,143.486369,-38.682583,327
otways,FA3,YC4,1/11/17,143.487142,-38.674723,328
otways,FA3,YC5,1/11/17,143.48923,-38.667532,329
otways,FA3,PT1,1/11/17,143.496662,-38.660018,330
otways,FA3,SAY1,1/11/17,143.637772,-38.608285,331
otways,FA3,SAY2,1/11/17,143.628812,-38.611481,332
otways,FA3,LA1,1/11/17,143.629428,-38.620207,333
otways,FA3,LA2,1/11/17,143.625048,-38.628926,334
otways,FA3,SAB1,1/11/17,143.746403,-38.620609,335
otways,FA3,SAB2,1/11/17,143.754296,-38.616795,336
otways,FA3,SAB3,1/11/17,143.766788,-38.614621,337
otways,FA3,SAB4,1/11/17,143.775543,-38.610309,338
otways,FA3,SAB5,1/11/17,143.781935,-38.605766,339
otways,FA3,SAB6,1/11/17,143.790545,-38.60314,340
otways,FA3,SAB7,1/11/17,143.797042,-38.600041,341
otways,FA3,SAB8,1/11/17,143.804234,-38.593859,342
otways,FA3,SAB9,1/11/17,143.806044,-38.587352,343
otways,FA3,SAB10,1/11/17,143.804829,-38.581355,344
otways,FA3,SAB11,1/11/17,143.809864,-38.57481,345
otways,FA3,SAB12,1/11/17,143.806549,-38.56711,346
otways,FA3,SAB13,1/11/17,143.814501,-38.56016,347
otways,FA3,SAB14,1/11/17,143.825005,-38.558059,348
otways,FA3,SAB15,1/11/17,143.836155,-38.554853,349
otways,FA3,SAB16,1/11/17,143.844332,-38.550313,350
otways,FA3,SAB17,1/11/17,143.843435,-38.543625,351
otways,FA3,SAB18,1/11/17,143.850749,-38.545357,352
otways,FA3,SAB19,1/11/17,143.850846,-38.536631,353
otways,FA3,SAB20,1/11/17,143.849708,-38.529689,354
otways,FA3,SAB21,1/11/17,143.870832,-38.500218,355
otways,FA3,SAB22,1/11/17,143.885577,-38.498935,356
otways,FA3,SAB23,1/11/17,143.892503,-38.491886,357
otways,FA3,SAB24,1/11/17,143.903285,-38.48845,358
otways,FA3,SAB25,1/11/17,143.91922,-38.47986,359
otways,FA3,SAB26,1/11/17,143.92878,-38.476771,360
otways,FA3,GR1,1/11/17,143.850392,-38.672171,361
otways,FA3,GR2,1/11/17,143.838945,-38.671729,362
otways,FA3,GR3,1/11/17,143.82829,-38.668613,363
otways,FA3,GR4,1/11/17,143.821405,-38.661361,364
otways,FA3,GR5,1/11/17,143.810339,-38.663801,365
otways,FA3,GR6,1/11/17,143.801123,-38.658228,366
otways,FA3,GR7,1/11/17,143.796066,-38.649287,367
otways,FA3,GR8,1/11/17,143.790633,-38.641383,368
otways,FA3,GR9,1/11/17,143.781129,-38.636232,369
otways,FA3,GR10,1/11/17,143.776654,-38.627371,370
otways,FA3,GR11,1/11/17,143.76671,-38.623041,371
otways,FA3,KE1,1/11/17,143.801371,-38.608386,372
otways,FA3,KE2,1/11/17,143.808185,-38.615955,373
otways,FA3,KE3,1/11/17,143.814365,-38.623143,374
otways,FA3,KE4,1/11/17,143.816538,-38.632973,375
otways,FA3,KE5,1/11/17,143.82557,-38.640088,376
otways,FA3,KE6,1/11/17,143.829216,-38.64865,377
otways,FA3,KE7,1/11/17,143.838461,-38.655029,378
otways,FA3,KE8,1/11/17,143.852541,-38.657429,379
otways,FA3,KWJ1,1/11/17,143.837953,-38.642481,380
otways,FA3,KWJ2,1/11/17,143.849097,-38.640441,381
otways,FA3,KWJ3,1/11/17,143.860684,-38.639573,382
glenelg,16,Mt Clay,1/1/05,141.6633126,-38.24161506,383
glenelg,15,Mt Clay,1/1/05,141.6559708,-38.234727,384
glenelg,17,Mt Clay,1/1/05,141.6693412,-38.23519596,385
glenelg,25,Mt Clay,1/1/05,141.6784646,-38.23781631,386
glenelg,24,Mt Clay,1/1/05,141.6879565,-38.23286104,387
glenelg,18,Mt Clay,1/1/05,141.6726503,-38.22656488,388
glenelg,14,Mt Clay,1/1/05,141.6491258,-38.2270933,389
glenelg,13,Mt Clay,1/1/05,141.6446034,-38.21944645,390
glenelg,23,Mt Clay,1/1/05,141.6869283,-38.22361147,391
glenelg,19,Mt Clay,1/1/05,141.6728879,-38.21829782,392
glenelg,10,Mt Clay,1/1/05,141.6584336,-38.21555855,393
glenelg,11,Mt Clay,1/1/05,141.6429017,-38.21143753,394
glenelg,22,Mt Clay,1/1/05,141.6841313,-38.21303582,395
glenelg,26,Mt Clay,1/1/05,141.6893978,-38.21270804,396
glenelg,21,Mt Clay,1/1/05,141.6790886,-38.21044185,397
glenelg,20,Mt Clay,1/1/05,141.6721749,-38.20899678,398
glenelg,9,Mt Clay,1/1/05,141.66265,-38.21009034,399
glenelg,5,Mt Clay,1/1/05,141.6349798,-38.19494916,400
glenelg,6,Mt Clay,1/1/05,141.6364697,-38.18598239,401
glenelg,2,Mt Clay,1/1/05,141.657194,-38.18235403,402
glenelg,1,Mt Clay,1/1/05,141.6670556,-38.18417926,403
glenelg,3,Mt Clay,1/1/05,141.6525597,-38.1900517,404
glenelg,4,Mt Clay,1/1/05,141.6435029,-38.19420982,405
glenelg,7,Mt Clay,1/1/05,141.6418357,-38.19718867,406
glenelg,41,Mt Clay,1/1/05,141.682291,-38.18389373,407
glenelg,45,Mt Clay,1/1/05,141.6627601,-38.20147751,408
glenelg,8,Mt Clay,1/1/05,141.651281,-38.20139327,409
glenelg,44,Mt Clay,1/1/05,141.6649379,-38.19265501,410
glenelg,39,Mt Clay,1/1/05,141.6720775,-38.19157495,411
glenelg,38,Mt Clay,1/1/05,141.6801952,-38.2012788,412
glenelg,32,Mt Clay,1/1/05,141.687953,-38.20583667,413
glenelg,36,Mt Clay,1/1/05,141.6975617,-38.18731819,414
glenelg,27,Mt Clay,1/1/05,141.6987433,-38.20597092,415
glenelg,37,Mt Clay,1/1/05,141.6944207,-38.19995814,416
glenelg,12,Mt Clay,1/1/05,141.6344784,-38.20312482,417
glenelg,40,Mt Clay,1/1/05,141.6804414,-38.19234964,418
glenelg,43,Mt Clay,1/1/05,141.6766943,-38.17869703,419
glenelg,42,Mt Clay,1/1/05,141.695383,-38.1791821,420
glenelg,35,Mt Clay,1/1/05,141.703089,-38.1905352,421
glenelg,34,Mt Clay,1/1/05,141.7121756,-38.18875168,422
glenelg,33,Mt Clay,1/1/05,141.7117948,-38.19885638,423
glenelg,28,Mt Clay,1/1/05,141.710494,-38.2058873,424
glenelg,30,Mt Clay,1/1/05,141.721996,-38.20587115,425
glenelg,29,Mt Clay,1/1/05,141.7174525,-38.21032892,426
glenelg,31,Mt Clay,1/1/05,141.7291455,-38.20879825,427
glenelg,15,LGNP North,1/1/05,141.1663079,-38.04492029,428
glenelg,24,LGNP North,1/1/05,141.192728,-38.05094169,429
glenelg,23,LGNP North,1/1/05,141.2012191,-38.05364883,430
glenelg,41,LGNP North,1/1/05,141.2233287,-38.06000094,431
glenelg,37,LGNP North,1/1/05,141.2412804,-38.04224496,432
glenelg,31,LGNP South,1/1/05,140.989201,-37.99326878,433
glenelg,32,LGNP South,1/1/05,140.980178,-37.99126542,434
glenelg,33,LGNP South,1/1/05,140.9707119,-37.99483401,435
glenelg,34,LGNP South,1/1/05,140.9737421,-38.00040518,436
glenelg,35,LGNP South,1/1/05,140.9714643,-38.00940307,437
glenelg,42,LGNP South,1/1/05,140.9694031,-38.01720118,438
glenelg,41,LGNP South,1/1/05,140.9798017,-38.0197744,439
glenelg,36,LGNP South,1/1/05,140.9796948,-38.01471813,440
glenelg,38,LGNP South,1/1/05,140.9873882,-37.99972184,441
glenelg,37,LGNP South,1/1/05,140.9845706,-38.00829143,442
glenelg,39,LGNP South,1/1/05,140.9889023,-38.01386237,443
glenelg,30,LGNP South,1/1/05,140.9989765,-37.99175247,444
glenelg,45,LGNP South,1/1/05,141.0013592,-38.01120621,445
glenelg,29,LGNP South,1/1/05,141.0101305,-37.99372312,446
glenelg,47,LGNP South,1/1/05,141.0144631,-37.99877893,447
glenelg,46,LGNP South,1/1/05,141.0129743,-38.00719851,448
glenelg,44,LGNP South,1/1/05,141.0115668,-38.01624849,449
glenelg,43,LGNP South,1/1/05,141.0102418,-38.02562632,450
glenelg,40,LGNP South,1/1/05,140.9925838,-38.0230034,451
glenelg,28,LGNP South,1/1/05,141.026728,-37.99434277,452
glenelg,27,LGNP South,1/1/05,141.0369219,-37.99670085,453
glenelg,48,LGNP South,1/1/05,141.0347035,-38.03709784,454
glenelg,49,LGNP South,1/1/05,141.0460608,-38.03381503,455
glenelg,50,LGNP South,1/1/05,141.052026,-38.02758261,456
glenelg,51,LGNP South,1/1/05,141.0592334,-38.0208902,457
glenelg,59,LGNP South,1/1/05,141.0566746,-38.03525312,458
glenelg,53,LGNP South,1/1/05,141.0619741,-38.026922,459
glenelg,26,LGNP South,1/1/05,141.0471176,-38.00089424,460
glenelg,25,LGNP South,1/1/05,141.0578112,-38.00449629,461
glenelg,24,LGNP South,1/1/05,141.0687518,-38.00514619,462
glenelg,52,LGNP South,1/1/05,141.0661076,-38.01400081,463
glenelg,23,LGNP South,1/1/05,141.0790326,-38.00861539,464
glenelg,54,LGNP South,1/1/05,141.0739103,-38.02501333,465
glenelg,55,LGNP South,1/1/05,141.0855974,-38.02323479,466
glenelg,58,LGNP South,1/1/05,141.0679505,-38.03491925,467
glenelg,22,LGNP South,1/1/05,141.0886524,-38.01300229,468
glenelg,56,LGNP South,1/1/05,141.0901667,-38.03123193,469
glenelg,57,LGNP South,1/1/05,141.0791426,-38.033863,470
glenelg,21,LGNP South,1/1/05,141.09803,-38.02145447,471
glenelg,20,LGNP South,1/1/05,141.1033446,-38.02794217,472
glenelg,62,LGNP South,1/1/05,141.1076642,-38.03377476,473
glenelg,60,LGNP South,1/1/05,141.0880192,-38.03805369,474
glenelg,61,LGNP South,1/1/05,141.0982203,-38.03981622,475
glenelg,64,LGNP South,1/1/05,141.1160537,-38.0436035,476
glenelg,65,LGNP South,1/1/05,141.1143257,-38.05219592,477
glenelg,19,LGNP South,1/1/05,141.1148677,-38.02753801,478
glenelg,17,LGNP South,1/1/05,141.1317889,-38.03237305,479
glenelg,18,LGNP South,1/1/05,141.1205104,-38.03068012,480
glenelg,63,LGNP South,1/1/05,141.1187764,-38.03507562,481
glenelg,16,LGNP South,1/1/05,141.1389194,-38.032496,482
glenelg,66,LGNP South,1/1/05,141.1301383,-38.03663747,483
glenelg,68,LGNP South,1/1/05,141.1494777,-38.04658235,484
glenelg,15,LGNP South,1/1/05,141.1483782,-38.03596009,485
glenelg,67,LGNP South,1/1/05,141.1411725,-38.0400348,486
glenelg,14,LGNP South,1/1/05,141.1561839,-38.04152412,487
glenelg,69,LGNP South,1/1/05,141.1593559,-38.05122541,488
glenelg,70,LGNP South,1/1/05,141.168073,-38.05527911,489
glenelg,13,LGNP South,1/1/05,141.1706333,-38.04869749,490
glenelg,12,LGNP South,1/1/05,141.1773587,-38.04982671,491
glenelg,71,LGNP South,1/1/05,141.1786612,-38.05887486,492
glenelg,11,LGNP South,1/1/05,141.1888919,-38.0530997,493
glenelg,72,LGNP South,1/1/05,141.1894742,-38.06164257,494
glenelg,10,LGNP South,1/1/05,141.1987479,-38.05732371,495
glenelg,9,LGNP South,1/1/05,141.2069901,-38.05661332,496
glenelg,8,LGNP South,1/1/05,141.221254,-38.06215664,497
glenelg,7,LGNP South,1/1/05,141.2315023,-38.06289635,498
glenelg,6,LGNP South,1/1/05,141.2363952,-38.06598769,499
glenelg,3,LGNP South,1/1/05,141.2467125,-38.03938574,500
glenelg,4,LGNP South,1/1/05,141.2493635,-38.06602418,501
glenelg,5,LGNP South,1/1/05,141.2416184,-38.07205265,502
glenelg,2,LGNP South,1/1/05,141.2504133,-38.04520038,503
glenelg,1,LGNP South,1/1/05,141.2562815,-38.05271895,504
glenelg,73,Cobboboonee North,1/1/05,141.3309728,-37.99636158,505
glenelg,74,Cobboboonee North,1/1/05,141.316673,-38.00550394,506
glenelg,75,Cobboboonee North,1/1/05,141.3067224,-38.00393504,507
glenelg,76,Cobboboonee North,1/1/05,141.3086343,-37.99537683,508
glenelg,77,Cobboboonee North,1/1/05,141.3121116,-37.98817537,509
glenelg,78,Cobboboonee North,1/1/05,141.3228537,-37.98889444,510
glenelg,79,Cobboboonee North,1/1/05,141.3328168,-37.98857826,511
glenelg,80,Cobboboonee North,1/1/05,141.3331549,-37.99031679,512
glenelg,81,Cobboboonee North,1/1/05,141.3303128,-37.99395699,513
glenelg,82,Cobboboonee North,1/1/05,141.3388087,-37.99885385,514
glenelg,83,Cobboboonee North,1/1/05,141.3490135,-37.99880599,515
glenelg,84,Cobboboonee North,1/1/05,141.3535352,-37.99169034,516
glenelg,85,Cobboboonee North,1/1/05,141.362024,-37.99489113,517
glenelg,86,Cobboboonee North,1/1/05,141.3722703,-37.9941291,518
glenelg,87,Cobboboonee North,1/1/05,141.3815991,-37.99217946,519
glenelg,88,Cobboboonee North,1/1/05,141.3833378,-37.98270128,520
glenelg,89,Cobboboonee North,1/1/05,141.4018268,-37.98828163,521
glenelg,90,Cobboboonee North,1/1/05,141.4069757,-37.99475318,522
glenelg,91,Cobboboonee North,1/1/05,141.4109278,-38.00293211,523
glenelg,92,Cobboboonee North,1/1/05,141.4142301,-38.00481322,524
glenelg,93,Cobboboonee North,1/1/05,141.425718,-38.00391598,525
glenelg,94,Cobboboonee North,1/1/05,141.4262208,-38.01403556,526
glenelg,95,Cobboboonee North,1/1/05,141.4329212,-38.01047806,527
glenelg,96,Cobboboonee North,1/1/05,141.4341033,-38.01970282,528
glenelg,97,Cobboboonee North,1/1/05,141.4381903,-38.02301339,529
glenelg,98,Cobboboonee North,1/1/05,141.4468162,-38.02132257,530
glenelg,99,Cobboboonee North,1/1/05,141.4562376,-38.01570747,531
glenelg,100,Cobboboonee North,1/1/05,141.4659068,-38.01886009,532
glenelg,101,Cobboboonee North,1/1/05,141.4637792,-38.03197309,533
glenelg,102,Cobboboonee North,1/1/05,141.4536371,-38.03368003,534
glenelg,103,Cobboboonee North,1/1/05,141.4438482,-38.03735855,535
glenelg,104,Cobboboonee North,1/1/05,141.4405371,-38.04390526,536
glenelg,105,Cobboboonee North,1/1/05,141.445697,-38.05097886,537
glenelg,106,Cobboboonee North,1/1/05,141.4479409,-38.05821658,538
glenelg,107,Cobboboonee North,1/1/05,141.4550068,-38.06351597,539
glenelg,108,Cobboboonee North,1/1/05,141.4558316,-38.05498672,540
glenelg,109,Cobboboonee North,1/1/05,141.4604772,-38.05965524,541
glenelg,110,Cobboboonee North,1/1/05,141.4673216,-38.06581998,542
glenelg,111,Cobboboonee North,1/1/05,141.4696474,-38.07120031,543
glenelg,112,Cobboboonee North,1/1/05,141.4695316,-38.07984396,544
glenelg,113,Cobboboonee North,1/1/05,141.4289167,-38.07780912,545
glenelg,114,Cobboboonee North,1/1/05,141.4288301,-38.06883276,546
glenelg,115,Cobboboonee North,1/1/05,141.4286957,-38.05948704,547
glenelg,116,Cobboboonee North,1/1/05,141.4286301,-38.05019513,548
glenelg,117,Cobboboonee North,1/1/05,141.4324632,-38.05079396,549
glenelg,118,Cobboboonee North,1/1/05,141.4446361,-38.05270431,550
glenelg,119,Cobboboonee North,1/1/05,141.4287307,-38.04203821,551
glenelg,120,Cobboboonee North,1/1/05,141.4355013,-38.03646145,552
glenelg,121,Cobboboonee North,1/1/05,141.4385873,-38.03800919,553
glenelg,122,Cobboboonee North,1/1/05,141.4406623,-38.03247659,554
glenelg,123,Cobboboonee North,1/1/05,141.4327965,-38.02996421,555
glenelg,124,Cobboboonee North,1/1/05,141.4265974,-38.02201053,556
glenelg,125,Cobboboonee North,1/1/05,141.403114,-38.00291409,557
glenelg,126,Cobboboonee North,1/1/05,141.3963696,-38.00054861,558
glenelg,127,Cobboboonee North,1/1/05,141.3954338,-37.99172818,559
glenelg,128,Cobboboonee North,1/1/05,141.3923769,-38.00365341,560
glenelg,129,Cobboboonee North,1/1/05,141.3813215,-38.00675414,561
glenelg,130,Cobboboonee North,1/1/05,141.3956412,-38.0091403,562
glenelg,131,Cobboboonee North,1/1/05,141.3934149,-38.01885459,563
glenelg,132,Cobboboonee North,1/1/05,141.3917882,-38.02786382,564
glenelg,133,Cobboboonee North,1/1/05,141.390376,-38.03658389,565
glenelg,134,Cobboboonee North,1/1/05,141.395911,-38.04446058,566
glenelg,135,Cobboboonee North,1/1/05,141.390776,-38.05180515,567
glenelg,136,Cobboboonee North,1/1/05,141.3832867,-38.05601173,568
glenelg,137,Cobboboonee North,1/1/05,141.3715517,-38.05482368,569
glenelg,138,Cobboboonee North,1/1/05,141.3952848,-38.05729688,570
glenelg,139,Cobboboonee North,1/1/05,141.4065667,-38.05678973,571
glenelg,140,Cobboboonee North,1/1/05,141.4170696,-38.05963702,572
glenelg,141,Cobboboonee North,1/1/05,141.4195333,-38.06789294,573
glenelg,142,Cobboboonee North,1/1/05,141.4149473,-38.06532256,574
glenelg,143,Cobboboonee North,1/1/05,141.3857262,-38.06039297,575
glenelg,144,Cobboboonee North,1/1/05,141.3923582,-38.0663645,576
glenelg,145,Cobboboonee North,1/1/05,141.4009677,-38.07099503,577
glenelg,146,Cobboboonee North,1/1/05,141.4071782,-38.07867956,578
glenelg,148,Cobboboonee North,1/1/05,141.3793745,-38.07539283,579
glenelg,149,Cobboboonee North,1/1/05,141.3751486,-38.06725887,580
glenelg,150,Cobboboonee North,1/1/05,141.3725025,-38.05801119,581
glenelg,151,Cobboboonee North,1/1/05,141.3720368,-38.04932435,582
glenelg,152,Cobboboonee North,1/1/05,141.3736573,-38.04075706,583
glenelg,153,Cobboboonee North,1/1/05,141.3751944,-38.03156813,584
glenelg,154,Cobboboonee North,1/1/05,141.375956,-38.02278095,585
glenelg,155,Cobboboonee North,1/1/05,141.3733708,-38.01350323,586
glenelg,156,Cobboboonee North,1/1/05,141.3745242,-38.0050996,587
glenelg,157,Cobboboonee North,1/1/05,141.3625011,-38.0062098,588
glenelg,158,Cobboboonee North,1/1/05,141.3511901,-38.00381065,589
glenelg,159,Cobboboonee North,1/1/05,141.3400267,-38.00117566,590
glenelg,172,Cobboboonee South,1/1/05,141.3788563,-38.18036491,591
glenelg,173,Cobboboonee South,1/1/05,141.3714373,-38.18087529,592
glenelg,174,Cobboboonee South,1/1/05,141.3646193,-38.17597579,593
glenelg,177,Cobboboonee South,1/1/05,141.3901637,-38.19175581,594
glenelg,178,Cobboboonee South,1/1/05,141.4007677,-38.19296383,595
glenelg,179,Cobboboonee South,1/1/05,141.4101084,-38.19392998,596
glenelg,180,Cobboboonee South,1/1/05,141.4224453,-38.19543839,597
glenelg,181,Cobboboonee South,1/1/05,141.4337131,-38.19670412,598
glenelg,182,Cobboboonee South,1/1/05,141.4457698,-38.19805591,599
glenelg,183,Cobboboonee South,1/1/05,141.4570842,-38.19934626,600
glenelg,184,Cobboboonee South,1/1/05,141.4684187,-38.20013074,601
glenelg,185,Cobboboonee South,1/1/05,141.4798162,-38.20179709,602
glenelg,186,Cobboboonee South,1/1/05,141.4920416,-38.20250354,603
glenelg,187,Cobboboonee South,1/1/05,141.5060152,-38.20164203,604
glenelg,188,Cobboboonee South,1/1/05,141.5198523,-38.20089662,605
glenelg,189,Cobboboonee South,1/1/05,141.5312345,-38.20184606,606
glenelg,190,Cobboboonee South,1/1/05,141.541053,-38.2013506,607
glenelg,191,Cobboboonee South,1/1/05,141.5435906,-38.1970309,608
glenelg,192,Cobboboonee South,1/1/05,141.5519856,-38.19414378,609
glenelg,193,Cobboboonee South,1/1/05,141.5615748,-38.19218766,610
glenelg,194,Cobboboonee South,1/1/05,141.5717193,-38.20145762,611
glenelg,195,Cobboboonee South,1/1/05,141.581968,-38.20339001,612
glenelg,196,Cobboboonee South,1/1/05,141.5861245,-38.2089841,613
glenelg,197,Cobboboonee South,1/1/05,141.5846551,-38.21805796,614
glenelg,198,Cobboboonee South,1/1/05,141.5832963,-38.22671667,615
glenelg,199,Cobboboonee South,1/1/05,141.5902983,-38.2364241,616
glenelg,200,Cobboboonee South,1/1/05,141.5716987,-38.23094649,617
glenelg,201,Cobboboonee South,1/1/05,141.5784552,-38.23864605,618
glenelg,202,Cobboboonee South,1/1/05,141.5893628,-38.24226885,619
glenelg,203,Cobboboonee South,1/1/05,141.5999332,-38.24088146,620
glenelg,204,Cobboboonee South,1/1/05,141.6117406,-38.23989223,621
glenelg,205,Cobboboonee South,1/1/05,141.6145154,-38.24643877,622
glenelg,206,Cobboboonee South,1/1/05,141.6028855,-38.24553476,623
glenelg,207,Cobboboonee South,1/1/05,141.5972927,-38.24916832,624
glenelg,208,Cobboboonee South,1/1/05,141.5739947,-38.24685123,625
glenelg,209,Cobboboonee South,1/1/05,141.5652775,-38.24718194,626
glenelg,210,Cobboboonee South,1/1/05,141.5537063,-38.24941811,627
glenelg,211,Cobboboonee South,1/1/05,141.5575156,-38.26634339,628
glenelg,212,Cobboboonee South,1/1/05,141.5733621,-38.27543262,629
glenelg,213,Cobboboonee South,1/1/05,141.5667431,-38.27989886,630
glenelg,214,Cobboboonee South,1/1/05,141.5580123,-38.27896737,631
glenelg,215,Cobboboonee South,1/1/05,141.5534726,-38.28490099,632
glenelg,216,Cobboboonee South,1/1/05,141.5446014,-38.27440704,633
glenelg,217,Cobboboonee South,1/1/05,141.547678,-38.26543441,634
glenelg,218,Cobboboonee South,1/1/05,141.5501613,-38.25671681,635
glenelg,219,Cobboboonee South,1/1/05,141.5921714,-38.23773048,636
glenelg,220,Cobboboonee South,1/1/05,141.6040645,-38.23885951,637
glenelg,221,Cobboboonee South,1/1/05,141.5619365,-38.23033573,638
glenelg,222,Cobboboonee South,1/1/05,141.5655405,-38.21473588,639
glenelg,223,Cobboboonee South,1/1/05,141.5609653,-38.20354632,640
glenelg,224,Cobboboonee South,1/1/05,141.5546398,-38.21885252,641
glenelg,225,Cobboboonee South,1/1/05,141.5446591,-38.21781775,642
glenelg,226,Cobboboonee South,1/1/05,141.5329077,-38.2167271,643
glenelg,227,Cobboboonee South,1/1/05,141.5212385,-38.2159143,644
glenelg,228,Cobboboonee South,1/1/05,141.5090964,-38.21439941,645
glenelg,229,Cobboboonee South,1/1/05,141.4976898,-38.21346597,646
glenelg,230,Cobboboonee South,1/1/05,141.486598,-38.21516175,647
glenelg,231,Cobboboonee South,1/1/05,141.4803356,-38.20957276,648
glenelg,232,Cobboboonee South,1/1/05,141.4848868,-38.20173119,649
glenelg,233,Cobboboonee South,1/1/05,141.4899665,-38.19280573,650
glenelg,234,Cobboboonee South,1/1/05,141.4937707,-38.18457037,651
glenelg,235,Cobboboonee South,1/1/05,141.5255993,-38.20755831,652
glenelg,236,Cobboboonee South,1/1/05,141.5226035,-38.23586183,653
glenelg,237,Cobboboonee South,1/1/05,141.5221291,-38.24461502,654
glenelg,238,Cobboboonee South,1/1/05,141.5222882,-38.25407736,655
glenelg,239,Cobboboonee South,1/1/05,141.5206196,-38.27169502,656
glenelg,240,Cobboboonee South,1/1/05,141.549924,-38.22065917,657
glenelg,241,Cobboboonee South,1/1/05,141.5419303,-38.22262501,658
glenelg,242,Cobboboonee South,1/1/05,141.539444,-38.22628651,659
glenelg,243,Cobboboonee South,1/1/05,141.532696,-38.22216259,660
glenelg,244,Cobboboonee South,1/1/05,141.5313631,-38.22896402,661
glenelg,245,Cobboboonee South,1/1/05,141.5292194,-38.24688143,662
glenelg,246,Cobboboonee South,1/1/05,141.5354035,-38.2533243,663
glenelg,247,Cobboboonee South,1/1/05,141.5440552,-38.25482563,664
glenelg,248,Cobboboonee South,1/1/05,141.5094097,-38.25767585,665
glenelg,249,Cobboboonee South,1/1/05,141.5108975,-38.24816128,666
glenelg,250,Cobboboonee South,1/1/05,141.5123207,-38.23925078,667
glenelg,251,Cobboboonee South,1/1/05,141.5187193,-38.23435595,668
glenelg,252,Cobboboonee South,1/1/05,141.5102924,-38.23189644,669
glenelg,253,Cobboboonee South,1/1/05,141.5031752,-38.22708748,670
glenelg,254,Cobboboonee South,1/1/05,141.5059885,-38.21922552,671
glenelg,255,Cobboboonee South,1/1/05,141.5100605,-38.21504413,672
glenelg,256,Cobboboonee South,1/1/05,141.5155519,-38.22108554,673
glenelg,257,Cobboboonee South,1/1/05,141.5243059,-38.22311062,674
glenelg,258,Cobboboonee South,1/1/05,141.4762076,-38.21939517,675
glenelg,259,Cobboboonee South,1/1/05,141.4807731,-38.22572135,676
glenelg,260,Cobboboonee South,1/1/05,141.4691461,-38.22448862,677
glenelg,261,Cobboboonee South,1/1/05,141.4692552,-38.21658423,678
glenelg,262,Cobboboonee South,1/1/05,141.4598217,-38.21512549,679
glenelg,263,Cobboboonee South,1/1/05,141.45073,-38.21717054,680
glenelg,264,Cobboboonee South,1/1/05,141.4405526,-38.21923699,681
glenelg,265,Cobboboonee South,1/1/05,141.4366937,-38.21007667,682
glenelg,266,Cobboboonee South,1/1/05,141.435201,-38.20108772,683
glenelg,267,Cobboboonee South,1/1/05,141.443906,-38.19580983,684
glenelg,268,Cobboboonee South,1/1/05,141.4529298,-38.19056613,685
glenelg,269,Cobboboonee South,1/1/05,141.4627843,-38.18689564,686
glenelg,270,Cobboboonee South,1/1/05,141.4224207,-38.20699254,687
glenelg,271,Cobboboonee South,1/1/05,141.4146468,-38.20374871,688
glenelg,272,Cobboboonee South,1/1/05,141.4131286,-38.21198249,689
glenelg,273,Cobboboonee South,1/1/05,141.4044695,-38.20774071,690
glenelg,274,Cobboboonee South,1/1/05,141.4045379,-38.19945796,691
glenelg,275,Cobboboonee South,1/1/05,141.4017037,-38.19081564,692
glenelg,276,Cobboboonee South,1/1/05,141.4029801,-38.18206007,693
glenelg,147,Cobboboonee Middle,1/1/05,141.3988087,-38.08070008,694
glenelg,160,Cobboboonee Middle,1/1/05,141.3877504,-38.08106154,695
glenelg,161,Cobboboonee Middle,1/1/05,141.3860645,-38.09006178,696
glenelg,162,Cobboboonee Middle,1/1/05,141.3824015,-38.09834742,697
glenelg,163,Cobboboonee Middle,1/1/05,141.3851048,-38.10493589,698
glenelg,164,Cobboboonee Middle,1/1/05,141.3994019,-38.10799754,699
glenelg,165,Cobboboonee Middle,1/1/05,141.3900708,-38.11218373,700
glenelg,166,Cobboboonee Middle,1/1/05,141.3960666,-38.11982444,701
glenelg,167,Cobboboonee Middle,1/1/05,141.3998361,-38.12904965,702
glenelg,168,Cobboboonee Middle,1/1/05,141.4046288,-38.137424,703
glenelg,169,Cobboboonee Middle,1/1/05,141.3952313,-38.14051128,704
glenelg,170,Cobboboonee Middle,1/1/05,141.3816798,-38.16128512,705
glenelg,171,Cobboboonee Middle,1/1/05,141.3802234,-38.17097839,706
glenelg,175,Cobboboonee Middle,1/1/05,141.368988,-38.16838255,707
glenelg,176,Cobboboonee Middle,1/1/05,141.3790691,-38.16413255,708
glenelg,277,Cobboboonee Middle,1/1/05,141.4108313,-38.15075017,709
glenelg,278,Cobboboonee Middle,1/1/05,141.4049992,-38.14663363,710
glenelg,279,Cobboboonee Middle,1/1/05,141.3959237,-38.14828685,711
glenelg,280,Cobboboonee Middle,1/1/05,141.3942392,-38.15762057,712
glenelg,281,Cobboboonee Middle,1/1/05,141.3909861,-38.16616638,713
glenelg,282,Cobboboonee Middle,1/1/05,141.4001217,-38.16882136,714
glenelg,53,Cobboboonee Middle,1/1/05,141.4746253,-38.17987282,715
glenelg,52,Cobboboonee Middle,1/1/05,141.4934389,-38.1819687,716
glenelg,51,Cobboboonee Middle,1/1/05,141.4968913,-38.17303559,717
glenelg,64,Cobboboonee Middle,1/1/05,141.5110942,-38.18121867,718
glenelg,63,Cobboboonee Middle,1/1/05,141.5254422,-38.1827292,719
glenelg,70,Cobboboonee Middle,1/1/05,141.5427925,-38.17927773,720
glenelg,71,Cobboboonee Middle,1/1/05,141.5560026,-38.18093967,721
glenelg,72,Cobboboonee Middle,1/1/05,141.4124645,-38.08231719,722
glenelg,61,Cobboboonee Middle,1/1/05,141.5235755,-38.17396889,723
glenelg,62,Cobboboonee Middle,1/1/05,141.5299329,-38.17349069,724
glenelg,67,Cobboboonee Middle,1/1/05,141.5394534,-38.16422901,725
glenelg,69,Cobboboonee Middle,1/1/05,141.5525189,-38.17226241,726
glenelg,68,Cobboboonee Middle,1/1/05,141.549436,-38.16628121,727
glenelg,60,Cobboboonee Middle,1/1/05,141.5254096,-38.16496719,728
glenelg,19,Cobboboonee Middle,1/1/05,141.477554,-38.16307305,729
glenelg,59,Cobboboonee Middle,1/1/05,141.5268626,-38.15581727,730
glenelg,66,Cobboboonee Middle,1/1/05,141.5393899,-38.15561051,731
glenelg,65,Cobboboonee Middle,1/1/05,141.5375354,-38.14864903,732
glenelg,57,Cobboboonee Middle,1/1/05,141.5206907,-38.14212965,733
glenelg,58,Cobboboonee Middle,1/1/05,141.5260603,-38.14982518,734
glenelg,55,Cobboboonee Middle,1/1/05,141.5134427,-38.15055553,735
glenelg,50,Cobboboonee Middle,1/1/05,141.4986354,-38.16425952,736
glenelg,49,Cobboboonee Middle,1/1/05,141.5006632,-38.15540725,737
glenelg,47,Cobboboonee Middle,1/1/05,141.4984445,-38.15017046,738
glenelg,46,Cobboboonee Middle,1/1/05,141.5022186,-38.14693169,739
glenelg,54,Cobboboonee Middle,1/1/05,141.508687,-38.1490773,740
glenelg,56,Cobboboonee Middle,1/1/05,141.5107106,-38.13985013,741
glenelg,45,Cobboboonee Middle,1/1/05,141.4993129,-38.13832526,742
glenelg,48,Cobboboonee Middle,1/1/05,141.4856929,-38.14505259,743
glenelg,20,Cobboboonee Middle,1/1/05,141.4742722,-38.15469238,744
glenelg,22,Cobboboonee Middle,1/1/05,141.474213,-38.14554917,745
glenelg,12,Cobboboonee Middle,1/1/05,141.4087075,-38.17146448,746
glenelg,13,Cobboboonee Middle,1/1/05,141.4220983,-38.17390541,747
glenelg,14,Cobboboonee Middle,1/1/05,141.4274032,-38.17394691,748
glenelg,15,Cobboboonee Middle,1/1/05,141.4389441,-38.17542159,749
glenelg,16,Cobboboonee Middle,1/1/05,141.4507936,-38.17701533,750
glenelg,17,Cobboboonee Middle,1/1/05,141.4621044,-38.17842792,751
glenelg,18,Cobboboonee Middle,1/1/05,141.4690396,-38.1688721,752
glenelg,21,Cobboboonee Middle,1/1/05,141.470897,-38.14689485,753
glenelg,23,Cobboboonee Middle,1/1/05,141.4626745,-38.14698821,754
glenelg,24,Cobboboonee Middle,1/1/05,141.4481673,-38.1498969,755
glenelg,25,Cobboboonee Middle,1/1/05,141.4335663,-38.15013378,756
glenelg,10,Cobboboonee Middle,1/1/05,141.4157656,-38.15535681,757
glenelg,11,Cobboboonee Middle,1/1/05,141.4145106,-38.16446478,758
glenelg,9,Cobboboonee Middle,1/1/05,141.4157202,-38.14734586,759
glenelg,4,Cobboboonee Middle,1/1/05,141.4099405,-38.10921165,760
glenelg,5,Cobboboonee Middle,1/1/05,141.420236,-38.11165366,761
glenelg,6,Cobboboonee Middle,1/1/05,141.4195906,-38.12067453,762
glenelg,7,Cobboboonee Middle,1/1/05,141.4201679,-38.13017292,763
glenelg,8,Cobboboonee Middle,1/1/05,141.4176855,-38.1380988,764
glenelg,3,Cobboboonee Middle,1/1/05,141.4176633,-38.10360808,765
glenelg,31,Cobboboonee Middle,1/1/05,141.4313865,-38.11120019,766
glenelg,33,Cobboboonee Middle,1/1/05,141.4449185,-38.10116734,767
glenelg,30,Cobboboonee Middle,1/1/05,141.442639,-38.11322365,768
glenelg,32,Cobboboonee Middle,1/1/05,141.4534992,-38.10808779,769
glenelg,40,Cobboboonee Middle,1/1/05,141.4691373,-38.1010043,770
glenelg,44,Cobboboonee Middle,1/1/05,141.4930335,-38.13064698,771
glenelg,26,Cobboboonee Middle,1/1/05,141.4656372,-38.13977728,772
glenelg,27,Cobboboonee Middle,1/1/05,141.4674062,-38.13013215,773
glenelg,28,Cobboboonee Middle,1/1/05,141.4639575,-38.12229763,774
glenelg,29,Cobboboonee Middle,1/1/05,141.4645196,-38.11472259,775
glenelg,43,Cobboboonee Middle,1/1/05,141.4860945,-38.12255235,776
glenelg,42,Cobboboonee Middle,1/1/05,141.4781284,-38.11707753,777
glenelg,41,Cobboboonee Middle,1/1/05,141.470938,-38.1100845,778
glenelg,1,Cobboboonee Middle,1/1/05,141.4099436,-38.08673287,779
glenelg,2,Cobboboonee Middle,1/1/05,141.412519,-38.09509803,780
glenelg,35,Cobboboonee Middle,1/1/05,141.4309451,-38.08527789,781
glenelg,36,Cobboboonee Middle,1/1/05,141.4389413,-38.0835354,782
glenelg,34,Cobboboonee Middle,1/1/05,141.4383998,-38.09367207,783
glenelg,37,Cobboboonee Middle,1/1/05,141.4499602,-38.08396953,784
glenelg,38,Cobboboonee Middle,1/1/05,141.461521,-38.0844005,785
glenelg,39,Cobboboonee Middle,1/1/05,141.4693963,-38.09212493,786
glenelg,3,Kentbruck Heath,1/1/05,141.3207555,-38.02915878,787
glenelg,4,Kentbruck Heath,1/1/05,141.3092436,-38.02789254,788
glenelg,5,Kentbruck Heath,1/1/05,141.3082812,-38.03303094,789
glenelg,6,Kentbruck Heath,1/1/05,141.3020684,-38.03775579,790
glenelg,7,Kentbruck Heath,1/1/05,141.2974726,-38.04409986,791
glenelg,2,Kentbruck Heath,1/1/05,141.3237363,-38.02229807,792
glenelg,1,Kentbruck Heath,1/1/05,141.3246842,-38.01295962,793
glenelg,8,Kentbruck Heath,1/1/05,141.3232949,-38.04156502,794
glenelg,9,Kentbruck Heath,1/1/05,141.3590646,-38.05356629,795
glenelg,10,Kentbruck Heath,1/1/05,141.3476165,-38.05242566,796
glenelg,11,Kentbruck Heath,1/1/05,141.3361334,-38.05116846,797
glenelg,12,Kentbruck Heath,1/1/05,141.3241029,-38.04979148,798
glenelg,13,Kentbruck Heath,1/1/05,141.3135104,-38.04943099,799
glenelg,14,Kentbruck Heath,1/1/05,141.3046437,-38.05502492,800
glenelg,15,Kentbruck Heath,1/1/05,141.2950598,-38.05967292,801
glenelg,16,Kentbruck Heath,1/1/05,141.2861867,-38.05517073,802
glenelg,17,Kentbruck Heath,1/1/05,141.2927685,-38.06482027,803
glenelg,18,Kentbruck Heath,1/1/05,141.2901449,-38.0729472,804
glenelg,19,Kentbruck Heath,1/1/05,141.3087644,-38.09451667,805
glenelg,20,Kentbruck Heath,1/1/05,141.314771,-38.08940433,806
glenelg,21,Kentbruck Heath,1/1/05,141.3223455,-38.09316676,807
glenelg,22,Kentbruck Heath,1/1/05,141.3328313,-38.09104237,808
glenelg,23,Kentbruck Heath,1/1/05,141.339628,-38.08800249,809
glenelg,24,Kentbruck Heath,1/1/05,141.3505801,-38.08839309,810
glenelg,25,Kentbruck Heath,1/1/05,141.3613078,-38.09160754,811
glenelg,26,Kentbruck Heath,1/1/05,141.3708597,-38.09622179,812
glenelg,28,Kentbruck Heath,1/1/05,141.3397546,-38.14831078,813
glenelg,29,Kentbruck Heath,1/1/05,141.331067,-38.14561908,814
glenelg,30,Kentbruck Heath,1/1/05,141.3238677,-38.14189133,815
glenelg,31,Kentbruck Heath,1/1/05,141.3204217,-38.13386154,816
glenelg,32,Kentbruck Heath,1/1/05,141.3115106,-38.12863656,817
glenelg,33,Kentbruck Heath,1/1/05,141.3046246,-38.12319156,818
glenelg,27,Kentbruck Heath,1/1/05,141.3795261,-38.09991818,819